GROUP,PACKAGE,CLASS,INSTRUCTION_MISSED,INSTRUCTION_COVERED,BRANCH_MISSED,BRANCH_COVERED,LINE_MISSED,LINE_COVERED,COMPLEXITY_MISSED,COMPLEXITY_COVERED,METHOD_MISSED,METHOD_COVERED
OSCAL Java Library,gov.nist.secauto.oscal.lib.profile.resolver,ProfileResolver,332,940,36,47,67,252,35,40,3,30
OSCAL Java Library,gov.nist.secauto.oscal.lib.profile.resolver,ProfileResolver.StructuringDirective,0,21,0,0,0,4,0,1,0,1
OSCAL Java Library,gov.nist.secauto.oscal.lib.profile.resolver,ModifyPhaseUtils,4,87,2,10,0,29,3,12,1,8
OSCAL Java Library,gov.nist.secauto.oscal.lib.profile.resolver,ProfileResolutionEvaluationException,16,0,0,0,8,0,4,0,4,0
OSCAL Java Library,gov.nist.secauto.oscal.lib.profile.resolver,ProfileResolutionException,9,0,0,0,4,0,2,0,2,0
OSCAL Java Library,gov.nist.secauto.oscal.lib.profile.resolver.alter,RemoveVisitor,334,0,62,0,53,0,54,0,23,0
OSCAL Java Library,gov.nist.secauto.oscal.lib.profile.resolver.alter,AddVisitor.TargetType,14,113,5,5,1,23,4,7,1,5
OSCAL Java Library,gov.nist.secauto.oscal.lib.profile.resolver.alter,AddVisitor,175,411,40,54,30,91,36,27,3,12
OSCAL Java Library,gov.nist.secauto.oscal.lib.profile.resolver.alter,AddVisitor.Context,76,287,24,44,14,75,23,27,2,13
OSCAL Java Library,gov.nist.secauto.oscal.lib.profile.resolver.alter,RemoveVisitor.Context,290,0,41,0,70,0,33,0,11,0
OSCAL Java Library,gov.nist.secauto.oscal.lib.profile.resolver.alter,RemoveVisitor.TargetType,135,0,10,0,25,0,11,0,6,0
OSCAL Java Library,gov.nist.secauto.oscal.lib.profile.resolver.alter,AddVisitor.Position,2,65,1,3,0,11,1,3,0,2
OSCAL Java Library,gov.nist.secauto.oscal.lib.model,SystemComponent,237,0,24,0,64,0,46,0,34,0
OSCAL Java Library,gov.nist.secauto.oscal.lib.model,FindingTarget.Status,41,0,0,0,16,0,10,0,10,0
OSCAL Java Library,gov.nist.secauto.oscal.lib.model,ParameterGuideline,21,6,0,0,7,3,5,1,5,1
OSCAL Java Library,gov.nist.secauto.oscal.lib.model,Diagram,132,0,12,0,37,0,26,0,20,0
OSCAL Java Library,gov.nist.secauto.oscal.lib.model,ImportComponentDefinition,27,0,0,0,10,0,6,0,6,0
OSCAL Java Library,gov.nist.secauto.oscal.lib.model,ByComponent,314,0,36,0,79,0,58,0,40,0
OSCAL Java Library,gov.nist.secauto.oscal.lib.model,Property,35,34,0,0,13,15,9,9,9,9
OSCAL Java Library,gov.nist.secauto.oscal.lib.model,Action,181,0,18,0,49,0,35,0,26,0
OSCAL Java Library,gov.nist.secauto.oscal.lib.model,LoggedBy,34,0,0,0,13,0,8,0,8,0
OSCAL Java Library,gov.nist.secauto.oscal.lib.model,Task,356,0,42,0,88,0,65,0,44,0
OSCAL Java Library,gov.nist.secauto.oscal.lib.model,FindingTarget,153,0,12,0,46,0,32,0,26,0
OSCAL Java Library,gov.nist.secauto.oscal.lib.model,Result.Attestation,104,0,12,0,25,0,18,0,12,0
OSCAL Java Library,gov.nist.secauto.oscal.lib.model,Task.AssociatedActivity,202,0,24,0,49,0,36,0,24,0
OSCAL Java Library,gov.nist.secauto.oscal.lib.model,Origin,104,0,12,0,25,0,18,0,12,0
OSCAL Java Library,gov.nist.secauto.oscal.lib.model,AssessmentPart,188,0,18,0,52,0,37,0,28,0
OSCAL Java Library,gov.nist.secauto.oscal.lib.model,BackMatter,25,37,3,3,5,11,4,7,2,6
OSCAL Java Library,gov.nist.secauto.oscal.lib.model,Metadata.Revision,140,6,12,0,40,3,29,1,23,1
OSCAL Java Library,gov.nist.secauto.oscal.lib.model,ByComponent.Inherited,167,0,18,0,43,0,31,0,22,0
OSCAL Java Library,gov.nist.secauto.oscal.lib.model,Profile,60,37,5,1,19,12,15,6,12,6
OSCAL Java Library,gov.nist.secauto.oscal.lib.model,LocalDefinitions,118,0,12,0,31,0,22,0,16,0
OSCAL Java Library,gov.nist.secauto.oscal.lib.model,Response.RequiredAsset,174,0,18,0,46,0,33,0,24,0
OSCAL Java Library,gov.nist.secauto.oscal.lib.model,Modify.ProfileSetParameter,236,36,30,0,57,13,40,11,25,11
OSCAL Java Library,gov.nist.secauto.oscal.lib.model,PortRange,41,0,0,0,16,0,10,0,10,0
OSCAL Java Library,gov.nist.secauto.oscal.lib.model,ProfileImport,84,34,12,0,16,15,13,9,7,9
OSCAL Java Library,gov.nist.secauto.oscal.lib.model,TelephoneNumber,34,0,0,0,13,0,8,0,8,0
OSCAL Java Library,gov.nist.secauto.oscal.lib.model,Modify.Alter.Add,182,27,24,0,42,10,30,8,18,8
OSCAL Java Library,gov.nist.secauto.oscal.lib.model,OscalAssessmentCommonModule,10,20,0,0,5,7,5,3,5,3
OSCAL Java Library,gov.nist.secauto.oscal.lib.model,PoamItem.Origin,62,0,6,0,16,0,11,0,8,0
OSCAL Java Library,gov.nist.secauto.oscal.lib.model,NetworkArchitecture,160,0,18,0,40,0,29,0,20,0
OSCAL Java Library,gov.nist.secauto.oscal.lib.model,InventoryItem.ImplementedComponent,160,0,18,0,40,0,29,0,20,0
OSCAL Java Library,gov.nist.secauto.oscal.lib.model,Hash,34,0,0,0,13,0,8,0,8,0
OSCAL Java Library,gov.nist.secauto.oscal.lib.model,SystemCharacteristics,272,0,24,0,79,0,56,0,44,0
OSCAL Java Library,gov.nist.secauto.oscal.lib.model,AssessmentResults,97,0,6,0,31,0,21,0,18,0
OSCAL Java Library,gov.nist.secauto.oscal.lib.model,ComponentDefinition,167,0,18,0,43,0,31,0,22,0
OSCAL Java Library,gov.nist.secauto.oscal.lib.model,BackMatter.Resource,170,18,18,0,45,7,32,5,23,5
OSCAL Java Library,gov.nist.secauto.oscal.lib.model,Metadata.Party,385,6,48,0,91,3,69,1,45,1
OSCAL Java Library,gov.nist.secauto.oscal.lib.model,AssessmentPlan.TermsAndConditions,62,0,6,0,16,0,11,0,8,0
OSCAL Java Library,gov.nist.secauto.oscal.lib.model,ByComponent.Export,202,0,24,0,49,0,36,0,24,0
OSCAL Java Library,gov.nist.secauto.oscal.lib.model,ParameterConstraint,63,6,6,0,16,3,12,1,9,1
OSCAL Java Library,gov.nist.secauto.oscal.lib.model,Task.Timing.WithinDateRange,34,0,0,0,13,0,8,0,8,0
OSCAL Java Library,gov.nist.secauto.oscal.lib.model,OscalComponentDefinitionModule,10,20,0,0,5,7,5,3,5,3
OSCAL Java Library,gov.nist.secauto.oscal.lib.model,OscalImplementationCommonModule,10,17,0,0,5,6,5,3,5,3
OSCAL Java Library,gov.nist.secauto.oscal.lib.model,Capability,216,0,24,0,55,0,40,0,28,0
OSCAL Java Library,gov.nist.secauto.oscal.lib.model,ResponsibleParty,154,6,18,0,37,3,28,1,19,1
OSCAL Java Library,gov.nist.secauto.oscal.lib.model,ImplementedRequirement,293,0,36,0,70,0,52,0,34,0
OSCAL Java Library,gov.nist.secauto.oscal.lib.model,Risk.RiskLog,62,0,6,0,16,0,11,0,8,0
OSCAL Java Library,gov.nist.secauto.oscal.lib.model,OscalControlCommonModule,10,17,0,0,5,6,5,3,5,3
OSCAL Java Library,gov.nist.secauto.oscal.lib.model,AssessmentSubjectPlaceholder,167,0,18,0,43,0,31,0,22,0
OSCAL Java Library,gov.nist.secauto.oscal.lib.model,Control,200,51,30,0,39,22,31,14,16,14
OSCAL Java Library,gov.nist.secauto.oscal.lib.model,SubjectReference,132,0,12,0,37,0,26,0,20,0
OSCAL Java Library,gov.nist.secauto.oscal.lib.model,SelectControlById,69,0,6,0,19,0,13,0,10,0
OSCAL Java Library,gov.nist.secauto.oscal.lib.model,AssessmentResults.LocalDefinitions,111,0,12,0,28,0,20,0,14,0
OSCAL Java Library,gov.nist.secauto.oscal.lib.model,Protocol,83,0,6,0,25,0,17,0,14,0
OSCAL Java Library,gov.nist.secauto.oscal.lib.model,OscalApModule,10,20,0,0,5,7,5,3,5,3
OSCAL Java Library,gov.nist.secauto.oscal.lib.model,Task.Timing.OnDate,27,0,0,0,10,0,6,0,6,0
OSCAL Java Library,gov.nist.secauto.oscal.lib.model,AssessmentSubjectPlaceholder.Source,27,0,0,0,10,0,6,0,6,0
OSCAL Java Library,gov.nist.secauto.oscal.lib.model,ByComponent.Export.Provided,167,0,18,0,43,0,31,0,22,0
OSCAL Java Library,gov.nist.secauto.oscal.lib.model,Merge.Flat,20,0,0,0,7,0,4,0,4,0
OSCAL Java Library,gov.nist.secauto.oscal.lib.model,ComponentControlImplementation,209,0,24,0,52,0,38,0,26,0
OSCAL Java Library,gov.nist.secauto.oscal.lib.model,Result.AssessmentLog,62,0,6,0,16,0,11,0,8,0
OSCAL Java Library,gov.nist.secauto.oscal.lib.model,SystemSecurityPlan,59,10,0,0,23,5,16,2,16,2
OSCAL Java Library,gov.nist.secauto.oscal.lib.model,Modify,98,6,12,0,22,3,17,1,11,1
OSCAL Java Library,gov.nist.secauto.oscal.lib.model,Metadata.Role,133,6,12,0,37,3,27,1,21,1
OSCAL Java Library,gov.nist.secauto.oscal.lib.model,Merge,39,9,0,0,15,4,10,2,10,2
OSCAL Java Library,gov.nist.secauto.oscal.lib.model,LocalObjective,167,0,18,0,43,0,31,0,22,0
OSCAL Java Library,gov.nist.secauto.oscal.lib.model,Characterization.Facet,132,0,12,0,37,0,26,0,20,0
OSCAL Java Library,gov.nist.secauto.oscal.lib.model,Metadata.Party.ExternalId,34,0,0,0,13,0,8,0,8,0
OSCAL Java Library,gov.nist.secauto.oscal.lib.model,SystemInformation.InformationType,188,0,18,0,52,0,37,0,28,0
OSCAL Java Library,gov.nist.secauto.oscal.lib.model,Response,265,0,30,0,67,0,49,0,34,0
OSCAL Java Library,gov.nist.secauto.oscal.lib.model,Activity.Step,181,0,18,0,49,0,35,0,26,0
OSCAL Java Library,gov.nist.secauto.oscal.lib.model,PoamItem.RelatedObservation,27,0,0,0,10,0,6,0,6,0
OSCAL Java Library,gov.nist.secauto.oscal.lib.model,BackMatter.Resource.Rlink,64,12,6,0,17,5,12,3,9,3
OSCAL Java Library,gov.nist.secauto.oscal.lib.model,ReviewedControls.ControlSelection,209,0,24,0,52,0,38,0,26,0
OSCAL Java Library,gov.nist.secauto.oscal.lib.model,RelatedTask,209,0,24,0,52,0,38,0,26,0
OSCAL Java Library,gov.nist.secauto.oscal.lib.model,Finding,272,0,30,0,70,0,51,0,36,0
OSCAL Java Library,gov.nist.secauto.oscal.lib.model,Parameter,202,77,30,0,39,34,32,21,17,21
OSCAL Java Library,gov.nist.secauto.oscal.lib.model,Impact,125,0,12,0,34,0,24,0,18,0
OSCAL Java Library,gov.nist.secauto.oscal.lib.model,Matching,18,9,0,0,6,4,4,2,4,2
OSCAL Java Library,gov.nist.secauto.oscal.lib.model,ByComponent.Export.Responsibility,174,0,18,0,46,0,33,0,24,0
OSCAL Java Library,gov.nist.secauto.oscal.lib.model,AssessmentSubject,216,0,24,0,55,0,40,0,28,0
OSCAL Java Library,gov.nist.secauto.oscal.lib.model,AssessmentAssets.AssessmentPlatform.UsesComponent,160,0,18,0,40,0,29,0,20,0
OSCAL Java Library,gov.nist.secauto.oscal.lib.model,Status,34,0,0,0,13,0,8,0,8,0
OSCAL Java Library,gov.nist.secauto.oscal.lib.model,IncorporatesComponent,34,0,0,0,13,0,8,0,8,0
OSCAL Java Library,gov.nist.secauto.oscal.lib.model,PoamItem.AssociatedRisk,27,0,0,0,10,0,6,0,6,0
OSCAL Java Library,gov.nist.secauto.oscal.lib.model,SystemUser,223,0,24,0,58,0,42,0,30,0
OSCAL Java Library,gov.nist.secauto.oscal.lib.model,SystemComponent.Status,34,0,0,0,13,0,8,0,8,0
OSCAL Java Library,gov.nist.secauto.oscal.lib.model,ParameterConstraint.Test,34,0,0,0,13,0,8,0,8,0
OSCAL Java Library,gov.nist.secauto.oscal.lib.model,ControlPart,151,37,18,0,36,16,27,10,18,10
OSCAL Java Library,gov.nist.secauto.oscal.lib.model,SystemImplementation,279,0,36,0,64,0,48,0,30,0
OSCAL Java Library,gov.nist.secauto.oscal.lib.model,SelectObjectiveById,27,0,0,0,10,0,6,0,6,0
OSCAL Java Library,gov.nist.secauto.oscal.lib.model,Metadata,336,104,52,2,69,37,58,21,31,21
OSCAL Java Library,gov.nist.secauto.oscal.lib.model,AuthorizedPrivilege,76,0,6,0,22,0,15,0,12,0
OSCAL Java Library,gov.nist.secauto.oscal.lib.model,ComponentImplementedRequirement,258,0,30,0,64,0,47,0,32,0
OSCAL Java Library,gov.nist.secauto.oscal.lib.model,PlanOfActionAndMilestones,230,0,24,0,61,0,44,0,32,0
OSCAL Java Library,gov.nist.secauto.oscal.lib.model,BackMatter.Resource.Base64,41,0,0,0,16,0,10,0,10,0
OSCAL Java Library,gov.nist.secauto.oscal.lib.model,PoamItem,300,0,36,0,73,0,54,0,36,0
OSCAL Java Library,gov.nist.secauto.oscal.lib.model,ControlImplementation,111,0,12,0,28,0,20,0,14,0
OSCAL Java Library,gov.nist.secauto.oscal.lib.model,OscalMetadataModule,10,17,0,0,5,6,5,3,5,3
OSCAL Java Library,gov.nist.secauto.oscal.lib.model,RelatedTask.IdentifiedSubject,69,0,6,0,19,0,13,0,10,0
OSCAL Java Library,gov.nist.secauto.oscal.lib.model,OscalSspModule,10,20,0,0,5,7,5,3,5,3
OSCAL Java Library,gov.nist.secauto.oscal.lib.model,Catalog,70,97,12,6,13,30,13,18,7,15
OSCAL Java Library,gov.nist.secauto.oscal.lib.model,SystemImplementation.LeveragedAuthorization,139,0,12,0,40,0,28,0,22,0
OSCAL Java Library,gov.nist.secauto.oscal.lib.model,OscalArModule,10,20,0,0,5,7,5,3,5,3
OSCAL Java Library,gov.nist.secauto.oscal.lib.model,Observation.RelevantEvidence,125,0,12,0,34,0,24,0,18,0
OSCAL Java Library,gov.nist.secauto.oscal.lib.model,SystemId,34,0,0,0,13,0,8,0,8,0
OSCAL Java Library,gov.nist.secauto.oscal.lib.model,ReviewedControls.ControlObjectiveSelection,209,0,24,0,52,0,38,0,26,0
OSCAL Java Library,gov.nist.secauto.oscal.lib.model,ImportAp,34,0,0,0,13,0,8,0,8,0
OSCAL Java Library,gov.nist.secauto.oscal.lib.model,ComponentStatement,174,0,18,0,46,0,33,0,24,0
OSCAL Java Library,gov.nist.secauto.oscal.lib.model,ParameterSelection,60,9,6,0,15,4,11,2,8,2
OSCAL Java Library,gov.nist.secauto.oscal.lib.model,Result.LocalDefinitions,195,0,24,0,46,0,34,0,22,0
OSCAL Java Library,gov.nist.secauto.oscal.lib.model,Risk.RiskLog.Entry.RelatedResponse,160,0,18,0,40,0,29,0,20,0
OSCAL Java Library,gov.nist.secauto.oscal.lib.model,SetParameter,76,0,6,0,22,0,15,0,12,0
OSCAL Java Library,gov.nist.secauto.oscal.lib.model,Risk.RelatedObservation,27,0,0,0,10,0,6,0,6,0
OSCAL Java Library,gov.nist.secauto.oscal.lib.model,AuthorizationBoundary,160,0,18,0,40,0,29,0,20,0
OSCAL Java Library,gov.nist.secauto.oscal.lib.model,OscalCompleteModule,10,20,0,0,5,7,5,3,5,3
OSCAL Java Library,gov.nist.secauto.oscal.lib.model,Result.AssessmentLog.Entry,230,0,24,0,61,0,44,0,32,0
OSCAL Java Library,gov.nist.secauto.oscal.lib.model,Result,335,0,36,0,88,0,64,0,46,0
OSCAL Java Library,gov.nist.secauto.oscal.lib.model,OriginActor,125,0,12,0,34,0,24,0,18,0
OSCAL Java Library,gov.nist.secauto.oscal.lib.model,ReviewedControls,202,0,24,0,49,0,36,0,24,0
OSCAL Java Library,gov.nist.secauto.oscal.lib.model,Activity,223,0,24,0,58,0,42,0,30,0
OSCAL Java Library,gov.nist.secauto.oscal.lib.model,PoamItem.RelatedFinding,27,0,0,0,10,0,6,0,6,0
OSCAL Java Library,gov.nist.secauto.oscal.lib.model,Characterization,153,0,18,0,37,0,27,0,18,0
OSCAL Java Library,gov.nist.secauto.oscal.lib.model,SystemInformation,146,0,18,0,34,0,25,0,16,0
OSCAL Java Library,gov.nist.secauto.oscal.lib.model,DocumentId,28,6,0,0,10,3,7,1,7,1
OSCAL Java Library,gov.nist.secauto.oscal.lib.model,AbstractOscalInstance,0,16,1,1,0,6,1,2,0,2
OSCAL Java Library,gov.nist.secauto.oscal.lib.model,Task.Dependency,34,0,0,0,13,0,8,0,8,0
OSCAL Java Library,gov.nist.secauto.oscal.lib.model,Risk,405,0,48,0,100,0,74,0,50,0
OSCAL Java Library,gov.nist.secauto.oscal.lib.model,AssessmentMethod,132,0,12,0,37,0,26,0,20,0
OSCAL Java Library,gov.nist.secauto.oscal.lib.model,ImportSsp,34,0,0,0,13,0,8,0,8,0
OSCAL Java Library,gov.nist.secauto.oscal.lib.model,BackMatter.Resource.Citation,102,9,12,0,24,4,18,2,12,2
OSCAL Java Library,gov.nist.secauto.oscal.lib.model,Link,28,27,0,0,10,12,7,7,7,7
OSCAL Java Library,gov.nist.secauto.oscal.lib.model,Metadata.Location,258,0,30,0,64,0,47,0,32,0
OSCAL Java Library,gov.nist.secauto.oscal.lib.model,AssessmentAssets,104,0,12,0,25,0,18,0,12,0
OSCAL Java Library,gov.nist.secauto.oscal.lib.model,Task.Timing.AtFrequency,34,0,0,0,13,0,8,0,8,0
OSCAL Java Library,gov.nist.secauto.oscal.lib.model,Finding.RelatedObservation,27,0,0,0,10,0,6,0,6,0
OSCAL Java Library,gov.nist.secauto.oscal.lib.model,ByComponent.Satisfied,174,0,18,0,46,0,33,0,24,0
OSCAL Java Library,gov.nist.secauto.oscal.lib.model,ImportProfile,34,0,0,0,13,0,8,0,8,0
OSCAL Java Library,gov.nist.secauto.oscal.lib.model,OscalPoamModule,10,20,0,0,5,7,5,3,5,3
OSCAL Java Library,gov.nist.secauto.oscal.lib.model,AssessmentPlan.LocalDefinitions,237,0,30,0,55,0,41,0,26,0
OSCAL Java Library,gov.nist.secauto.oscal.lib.model,ResponsibleRole,160,0,18,0,40,0,29,0,20,0
OSCAL Java Library,gov.nist.secauto.oscal.lib.model,Finding.AssociatedRisk,27,0,0,0,10,0,6,0,6,0
OSCAL Java Library,gov.nist.secauto.oscal.lib.model,IncludeAll,10,10,0,0,2,5,2,2,2,2
OSCAL Java Library,gov.nist.secauto.oscal.lib.model,AssessmentAssets.AssessmentPlatform,167,0,18,0,43,0,31,0,22,0
OSCAL Java Library,gov.nist.secauto.oscal.lib.model,Risk.MitigatingFactor,167,0,18,0,43,0,31,0,22,0
OSCAL Java Library,gov.nist.secauto.oscal.lib.model,InsertControls,118,0,12,0,31,0,22,0,16,0
OSCAL Java Library,gov.nist.secauto.oscal.lib.model,ImplementationStatus,34,0,0,0,13,0,8,0,8,0
OSCAL Java Library,gov.nist.secauto.oscal.lib.model,SecurityImpactLevel,41,0,0,0,16,0,10,0,10,0
OSCAL Java Library,gov.nist.secauto.oscal.lib.model,Modify.Alter.Remove,55,0,0,0,22,0,14,0,14,0
OSCAL Java Library,gov.nist.secauto.oscal.lib.model,SelectSubjectById,125,0,12,0,34,0,24,0,18,0
OSCAL Java Library,gov.nist.secauto.oscal.lib.model,CatalogGroup,218,75,34,2,42,28,37,15,19,15
OSCAL Java Library,gov.nist.secauto.oscal.lib.model,OscalProfileModule,10,20,0,0,5,7,5,3,5,3
OSCAL Java Library,gov.nist.secauto.oscal.lib.model,DataFlow,160,0,18,0,40,0,29,0,20,0
OSCAL Java Library,gov.nist.secauto.oscal.lib.model,Statement,209,0,24,0,52,0,38,0,26,0
OSCAL Java Library,gov.nist.secauto.oscal.lib.model,Task.Timing,41,0,0,0,16,0,10,0,10,0
OSCAL Java Library,gov.nist.secauto.oscal.lib.model,InventoryItem,209,0,24,0,52,0,38,0,26,0
OSCAL Java Library,gov.nist.secauto.oscal.lib.model,Risk.RiskLog.Entry,237,0,24,0,64,0,46,0,34,0
OSCAL Java Library,gov.nist.secauto.oscal.lib.model,Merge.Custom,104,0,12,0,25,0,18,0,12,0
OSCAL Java Library,gov.nist.secauto.oscal.lib.model,ProfileSelectControlById,80,31,12,0,14,14,12,8,6,8
OSCAL Java Library,gov.nist.secauto.oscal.lib.model,OscalCatalogModule,10,20,0,0,5,7,5,3,5,3
OSCAL Java Library,gov.nist.secauto.oscal.lib.model,AssessmentPlan,160,0,12,0,49,0,34,0,28,0
OSCAL Java Library,gov.nist.secauto.oscal.lib.model,ThreatId,41,0,0,0,16,0,10,0,10,0
OSCAL Java Library,gov.nist.secauto.oscal.lib.model,Modify.Alter,102,9,12,0,24,4,18,2,12,2
OSCAL Java Library,gov.nist.secauto.oscal.lib.model,ProfileGroup,293,0,36,0,70,0,52,0,34,0
OSCAL Java Library,gov.nist.secauto.oscal.lib.model,Observation,356,0,42,0,88,0,65,0,44,0
OSCAL Java Library,gov.nist.secauto.oscal.lib.model,Address,91,6,6,0,28,3,20,1,17,1
OSCAL Java Library,gov.nist.secauto.oscal.lib.model,SystemInformation.InformationType.Categorization,69,0,6,0,19,0,13,0,10,0
OSCAL Java Library,gov.nist.secauto.oscal.lib.model,DefinedComponent,272,0,30,0,70,0,51,0,36,0
OSCAL Java Library,gov.nist.secauto.oscal.lib.model,Merge.Combine,21,6,0,0,7,3,5,1,5,1
OSCAL Java Library,gov.nist.secauto.oscal.lib.model.util,AllowedValueCollectingNodeItemVisitor.NodeItemRecord,3,20,0,0,1,7,1,3,1,3
OSCAL Java Library,gov.nist.secauto.oscal.lib.model.util,AllowedValueCollectingNodeItemVisitor,5,132,0,2,1,34,1,12,1,11
OSCAL Java Library,gov.nist.secauto.oscal.lib.model.util,AllowedValueCollectingNodeItemVisitor.AllowedValuesRecord,0,21,0,0,0,8,0,4,0,4
OSCAL Java Library,gov.nist.secauto.oscal.lib.profile.resolver.support,ControlIndexingVisitor,0,19,0,0,0,8,0,5,0,5
OSCAL Java Library,gov.nist.secauto.oscal.lib.profile.resolver.support,AbstractEntityItem,0,70,0,0,0,19,0,10,0,10
OSCAL Java Library,gov.nist.secauto.oscal.lib.profile.resolver.support,ICatalogVisitor,2,2,0,0,1,1,1,1,1,1
OSCAL Java Library,gov.nist.secauto.oscal.lib.profile.resolver.support,AbstractCatalogVisitor,18,115,0,0,3,19,3,11,3,11
OSCAL Java Library,gov.nist.secauto.oscal.lib.profile.resolver.support,IIdentifierMapper.new IIdentifierMapper() {...},10,3,0,0,5,1,5,1,5,1
OSCAL Java Library,gov.nist.secauto.oscal.lib.profile.resolver.support,BasicIndexer,178,393,17,29,35,83,21,33,8,22
OSCAL Java Library,gov.nist.secauto.oscal.lib.profile.resolver.support,AbstractEntityItem.OriginalEntityItem,0,9,0,0,0,4,0,3,0,3
OSCAL Java Library,gov.nist.secauto.oscal.lib.profile.resolver.support,IIndexer.SelectionStatus,0,21,0,0,0,4,0,1,0,1
OSCAL Java Library,gov.nist.secauto.oscal.lib.profile.resolver.support,IIdentifierMapper,20,27,4,3,7,9,4,4,0,2
OSCAL Java Library,gov.nist.secauto.oscal.lib.profile.resolver.support,IIndexer,19,174,6,18,2,35,8,15,2,9
OSCAL Java Library,gov.nist.secauto.oscal.lib.profile.resolver.support,IEntityItem.ItemType,0,70,0,0,0,13,0,3,0,3
OSCAL Java Library,gov.nist.secauto.oscal.lib.profile.resolver.support,AbstractEntityItem.ReassignedEntityItem,0,15,0,0,0,5,0,3,0,3
OSCAL Java Library,gov.nist.secauto.oscal.lib.profile.resolver.support,AbstractIndexingVisitor,21,51,0,0,6,14,3,7,3,7
OSCAL Java Library,gov.nist.secauto.oscal.lib.profile.resolver.support,AbstractEntityItem.Builder,0,39,0,2,0,11,0,7,0,6
OSCAL Java Library,gov.nist.secauto.oscal.lib.profile.resolver.support,ReassignmentIndexer,0,43,1,1,0,11,1,4,0,4
OSCAL Java Library,gov.nist.secauto.oscal.lib.profile.resolver.support,AbstractCatalogEntityVisitor,48,285,4,20,14,74,16,29,12,21
OSCAL Java Library,gov.nist.secauto.oscal.lib.profile.resolver.merge,FlatteningStructuringVisitor.FlatteningFilterNonSelectedVisitor,26,71,5,5,5,16,4,4,0,3
OSCAL Java Library,gov.nist.secauto.oscal.lib.profile.resolver.merge,FlatteningStructuringVisitor,152,193,14,12,30,47,14,15,5,11
OSCAL Java Library,gov.nist.secauto.oscal.lib.model.control.profile,AbstractProfileSelectControlById,0,7,0,0,0,2,0,2,0,2
OSCAL Java Library,gov.nist.secauto.oscal.lib.model.control.profile,AbstractProfileSelectControlById.Builder,31,46,1,1,9,12,5,3,4,3
OSCAL Java Library,gov.nist.secauto.oscal.lib.model.control.catalog,AbstractControl.Builder,49,130,4,10,12,31,8,10,4,7
OSCAL Java Library,gov.nist.secauto.oscal.lib.model.control.catalog,AbstractCatalogVisitor,187,0,0,0,35,0,14,0,14,0
OSCAL Java Library,gov.nist.secauto.oscal.lib.model.control.catalog,AbstractCatalog,12,3,0,0,5,1,1,1,1,1
OSCAL Java Library,gov.nist.secauto.oscal.lib.model.control.catalog,AbstractCatalogGroup,49,8,0,0,10,2,5,2,5,2
OSCAL Java Library,gov.nist.secauto.oscal.lib.model.control.catalog,AbstractControl,52,21,0,2,11,8,6,6,6,5
OSCAL Java Library,gov.nist.secauto.oscal.lib.model.control.catalog,AbstractCatalogGroup.Builder,53,148,5,11,12,35,9,10,4,7
OSCAL Java Library,gov.nist.secauto.oscal.lib.metapath.function.library,OscalFunctionLibrary,0,27,0,0,0,10,0,1,0,1
OSCAL Java Library,gov.nist.secauto.oscal.lib.metapath.function.library,HasOscalNamespace,106,190,12,4,23,91,9,5,1,5
OSCAL Java Library,gov.nist.secauto.oscal.lib.metapath.function.library,ResolveProfile,72,77,6,0,19,50,6,1,3,1
OSCAL Java Library,gov.nist.secauto.oscal.lib.model.control,AbstractPart.Builder,77,91,7,9,19,24,14,6,7,5
OSCAL Java Library,gov.nist.secauto.oscal.lib.model.control,AbstractPart,31,8,2,0,10,2,3,2,2,2
OSCAL Java Library,gov.nist.secauto.oscal.lib.model.control,AbstractParameter.Builder,125,91,9,11,30,24,21,4,12,3
OSCAL Java Library,gov.nist.secauto.oscal.lib.model.control,AbstractParameter,74,9,8,0,16,2,9,3,5,3
OSCAL Java Library,gov.nist.secauto.oscal.lib,OscalModelConstants,0,102,0,0,0,17,0,1,0,1
OSCAL Java Library,gov.nist.secauto.oscal.lib,OscalUtils,35,65,7,9,5,16,8,6,1,5
OSCAL Java Library,gov.nist.secauto.oscal.lib,OscalBindingContext,165,57,0,0,28,16,20,5,20,5
OSCAL Java Library,gov.nist.secauto.oscal.lib,OscalVersion,17,0,0,0,8,0,8,0,8,0
OSCAL Java Library,gov.nist.secauto.oscal.lib,LibOscalVersion,17,0,0,0,8,0,8,0,8,0
OSCAL Java Library,gov.nist.secauto.oscal.lib.model.metadata,IProperty,0,7,0,0,0,2,0,1,0,1
OSCAL Java Library,gov.nist.secauto.oscal.lib.model.metadata,AbstractBackMatter,0,27,1,1,0,10,1,3,0,3
OSCAL Java Library,gov.nist.secauto.oscal.lib.model.metadata,AbstractLink.Builder,24,40,3,3,6,12,5,3,2,3
OSCAL Java Library,gov.nist.secauto.oscal.lib.model.metadata,AbstractMetadata,24,3,2,0,9,1,3,1,2,1
OSCAL Java Library,gov.nist.secauto.oscal.lib.model.metadata,AbstractProperty,38,32,1,1,6,8,6,5,5,5
OSCAL Java Library,gov.nist.secauto.oscal.lib.model.metadata,AbstractProperty.Builder,26,57,3,5,7,16,5,5,2,4
OSCAL Java Library,gov.nist.secauto.oscal.lib.model.metadata,AbstractLink,10,8,0,0,2,2,1,2,1,2
OSCAL Java Library,gov.nist.secauto.oscal.lib.profile.resolver.policy,IReferencePolicy.new IReferencePolicy() {...},0,5,0,0,0,2,0,2,0,2
OSCAL Java Library,gov.nist.secauto.oscal.lib.profile.resolver.policy,AbstractCustomReferencePolicy,19,143,6,16,4,35,9,12,3,7
OSCAL Java Library,gov.nist.secauto.oscal.lib.profile.resolver.policy,ICustomReferencePolicyHandler.new AbstractIndexMissPolicyHandler() {...},5,0,0,0,2,0,2,0,2,0
OSCAL Java Library,gov.nist.secauto.oscal.lib.profile.resolver.policy,LinkReferencePolicy,43,57,4,2,14,17,6,7,3,7
OSCAL Java Library,gov.nist.secauto.oscal.lib.profile.resolver.policy,IIdentifierParser.new IIdentifierParser() {...},0,7,0,0,0,3,0,3,0,3
OSCAL Java Library,gov.nist.secauto.oscal.lib.profile.resolver.policy,AbstractIndexMissPolicyHandler,3,0,0,0,1,0,1,0,1,0
OSCAL Java Library,gov.nist.secauto.oscal.lib.profile.resolver.policy,IIdentifierParser,0,11,0,0,0,2,0,1,0,1
OSCAL Java Library,gov.nist.secauto.oscal.lib.profile.resolver.policy,AbstractMultiItemTypeReferencePolicy,0,13,0,0,0,4,0,2,0,2
OSCAL Java Library,gov.nist.secauto.oscal.lib.profile.resolver.policy,ICustomReferencePolicyHandler,11,0,0,0,4,0,4,0,4,0
OSCAL Java Library,gov.nist.secauto.oscal.lib.profile.resolver.policy,ReferenceCountingVisitor,265,867,26,53,46,209,47,59,21,42
OSCAL Java Library,gov.nist.secauto.oscal.lib.profile.resolver.policy,PatternIdentifierParser,44,41,2,2,10,13,2,6,1,5
OSCAL Java Library,gov.nist.secauto.oscal.lib.profile.resolver.policy,InsertReferencePolicy,34,32,3,1,9,10,4,5,2,5
OSCAL Java Library,gov.nist.secauto.oscal.lib.profile.resolver.policy,PropertyReferencePolicy,57,29,4,0,18,8,5,6,3,6
OSCAL Java Library,gov.nist.secauto.oscal.lib.profile.resolver.policy,AnchorReferencePolicy,41,54,4,2,13,16,6,6,3,6
OSCAL Java Library,gov.nist.secauto.oscal.lib.profile.resolver.policy,ReferenceCountingVisitor.Context,49,34,4,0,15,10,6,5,4,5
OSCAL Java Library,gov.nist.secauto.oscal.lib.profile.resolver.policy,IReferencePolicy,0,7,0,0,0,2,0,2,0,2
OSCAL Java Library,gov.nist.secauto.oscal.lib.profile.resolver.selection,Import,51,255,11,17,11,73,12,13,2,9
OSCAL Java Library,gov.nist.secauto.oscal.lib.profile.resolver.selection,DefaultResult,34,344,11,11,5,86,12,28,2,27
OSCAL Java Library,gov.nist.secauto.oscal.lib.profile.resolver.selection,ControlSelectionState,20,156,1,17,4,34,1,16,0,8
OSCAL Java Library,gov.nist.secauto.oscal.lib.profile.resolver.selection,DefaultControlSelectionFilter.Selection,4,79,2,4,2,19,2,7,0,6
OSCAL Java Library,gov.nist.secauto.oscal.lib.profile.resolver.selection,ControlSelectionState.SelectionState,0,22,1,3,0,6,1,4,0,3
OSCAL Java Library,gov.nist.secauto.oscal.lib.profile.resolver.selection,IControlSelectionFilter,2,28,0,0,0,5,1,3,1,3
OSCAL Java Library,gov.nist.secauto.oscal.lib.profile.resolver.selection,DefaultControlSelectionFilter,31,117,12,8,5,32,9,11,0,9
OSCAL Java Library,gov.nist.secauto.oscal.lib.profile.resolver.selection,IControlFilter,5,20,0,0,1,4,1,3,1,3
OSCAL Java Library,gov.nist.secauto.oscal.lib.profile.resolver.selection,IControlFilter.new IControlFilter() {...},6,3,0,0,3,1,3,1,3,1
OSCAL Java Library,gov.nist.secauto.oscal.lib.profile.resolver.selection,IControlFilter.new IControlFilter() {...},6,3,0,0,3,1,3,1,3,1
OSCAL Java Library,gov.nist.secauto.oscal.lib.profile.resolver.selection,IControlSelectionFilter.new IControlSelectionFilter() {...},0,26,0,0,0,3,0,2,0,2
OSCAL Java Library,gov.nist.secauto.oscal.lib.profile.resolver.selection,FilterNonSelectedVisitor,86,429,13,29,18,104,10,30,0,19
OSCAL Java Library,gov.nist.secauto.oscal.lib.profile.resolver.selection,FilterNonSelectedVisitor.Context,0,9,0,0,0,4,0,2,0,2
OSCAL Java Library,gov.nist.secauto.oscal.lib.profile.resolver.selection,ImportCycleException,19,4,0,0,8,2,4,1,4,1
OSCAL Java Library,gov.nist.secauto.oscal.lib.profile.resolver.selection,IControlFilter.Filter,8,86,2,10,2,27,2,9,0,5
OSCAL Java Library,gov.nist.secauto.oscal.lib.profile.resolver.selection,ControlSelectionVisitor,48,147,3,13,11,32,6,16,3,11
